TGT,BNS,RIO,ESRX,KMB,EPD,STO,CNI,ORAN,GM,CRM,HRL,PUK,HDB,SO,PSA,ADBE,GD,PSX,COP,EXCU,BBVA,MON,BCS,CHA,CUK,AMT,ABB,ASML,KR,BK,INFY,LVS,SU,CCL,AET,SMFG,FDX,ITUB,CB,SYT,SYK,AVGO,RTN,BHP,CI,RBS,MCK,BMO,COF,NOC,LYB,CTSH,ITW,SCHW,EMR,SHPG,LBTYA,LILAK,CME,ENB,BX,LBTYK,ERIC,ECL,BAM,KEP,YHOO,BBDO,EXC,VLO,CCI,LILA,ICE,STZ,EBAY,TRI,PCG,WPPGY,VFC,BSBR,HAL,CHU,WIT,EQR,IMO,LUV,BBD,SNE,LBTYB,MFC,HUM,K,CM,BXLT,TRP,PHI,AON,FMS
MNST,AFL,DE,BBT,SHW,SYY,NXPI,ALL,SRE,DB,PPL,PBR,LVNTA,CSX,PHG,HPE,BSX,CNQ,LVNTB,HCN,SYF,CBS,EIX,NOK,CS,MYL,RYAAY,STT,DISH,NSC,BAX,DG,PEG,VRTX,TEL,CRH,ADM,ED,HLT,ZTS,GLW,XEL,NJ,EA,HSY,PXD,SE,APC,ARMH,DFS,HPQ,CPB,SIRI,SCCO,BHI,TI,EW,PGR,OMC,CP,DLPH,PRGO,MPC,SLF,NLSN,PCAR,AV,ABC,SSL,MCO,CERN,TU,MAR,ES,IX,CMI,NVDA,IBN,VIA,CLX,APH,MTB,VNO,QVCA,VIV,ABX,RCL,KYO,QVCB,LNKD,MMP,AMTD,CHKP,SJM,KOF,NMR,VALE,DTE,TYC
IP,O,SHG,SNDK,APA,IR,FE,POT,PKX,DVA,TAP,INCY,MJN,NTRS,NEM,PH,S,GPC,M,ETP,AEG,WY,BMRN,VMC,FAST,ETR,ADS,VIAB,TS,NBL,SYMC,NUE,RENX,CAM,HES,ENI,L,CA,LMCB,FITB,WHR,SBAC,MKL,LMCA,GG,AGU,WPZ,MAC,CNHI,AA,LMCK,CXO,JAH,LRCX,AWK,FCAU,TDG,AEE,TTM,TSCO,NCLH,FDC,HBI,IVZ,LH,KIM,PFG,CMS,AAP,EOC,BSMX,MGM,FNV,KLAC,LLTC,VCSH,DEG,CINF,FRT,XL,KORS,NWL,BRFS,EXR,WDC,WAT,BCH,HRS,XRX,TSO,RF,NLY,COTY,DGX,EMN,CVE,DOV,MAS,BLL
BAP,PBA,STX,ENDP,SCG,QIHU,TXT,KB,AYI,WU,CTAS,KMX,MCHP,LNC,CVC,SEE,IHG,CE,KSU,LEN,KSS,KEY,SLG,FRC,DVN,UGP,SIG,MPEL,WRK,DOX,XRAY,EQT,GOLD,ALLY,GRMN,LKQ,SNA,COG,TIF,ACGL,RAD,BPL,AGNCB,TKC,WYN,BSAC,LULU,GT,QSR,XEC,RMD,GPN,SJR,BBBY,CNA,AEM,LNT,WLTW,IEP,PNR,PNW,RL,ARMK,LEA,AVAL,RDY,Q,SABR,JAZZ,WUBA,INGR,MNK,DPZ,VER,MSCI,CIB,RACE,Y,BWA,DRE,YPF,ATO,BG,AER,JBLU,AJG,MBLY,BRX,CX,IHS,HBAN,MBT,UNM,CNC,REG,WWAV,UHAL,PRE,XYL
FMX,ADT,SXL,ETFC,NWS,SBNY,CPT,PVH,WAB,AES,VIPS,MHG,FLR,SLW,LAMR,UGI,IBB,AR,MT,FTR,TMK,ALB,WRB,NWSA,H,SEIC,ITC,KT,PPC,VIP,TARO,FDS,IRM,NNN,CNCO,AOS,VAL,AXTA,CPG,BIP,DDR,AGNC,ALLE,ASH,OTEX,CIT,FBR,CEA,CMA,HFC,KKR,FLEX,TFX,WPC,AVY,TRMB,ST,CSL,AIV,IEX,PII,MRKT,JHX,ACWI,SPLK,HUBB,G,WLK,MAN,MRO,UTHR,ZNH,ERJ,STE,FLS,TGNA,VCIT,RPM,IM,WBC,YOKU,BPY,MIDD,AU,TLT,CUBE,RELX,LUK,UMC,LBRDA,LBRDK,AXS,ACH,RHI,HLF,OPK,TEAM,PNRA,BAK
KRC,STM,CG,WFT,OGE,PSXP,OC,MRVL,ACC,ICL,QGEN,QUNR,GDDY,MIC,DKS,RNR,TFSL,GRA,ALKS,N,HNT,TRU,CCJ,TOL,WF,AMCX,JEC,PKG,RLGY,SIX,SQM,ORI,SCZ,ALR,JLL,SCI,SIVB,GXP,CPN,KEYS,NFX,CLB,TRQ,LAZ,SON,WRI,BRKR,RS,TTC,ZION,IPGP,ERIE,NEU,STR,GGG,ARCC,ETV,LPT,SMG,AGCO,TSU,CSRA,GNTX,ACM,COLM,CPL,SATS,ENH,XRS,WOOF,YNDX,BAH,VXUS,BBRY,NDSN,ICLR,FAF,BFR,RRC,CSC,DLB,GPK,CACC,NCR,BMA,NAVI,AM,MSCC,BC,NFG,PACW,HXL,HEI,CNK,MSG,SBS,GGAL,BFAM,VVC
BEP,SNX,EPR,FV,SNH,TLLP,HHC,IAC,NATI,HPT,SC,ECA,XON,TEO,BNDX,NICE,ESLT,PTC,CBI,ARRS,AGO,USM,MOH,PBI,SNV,DNB,ON,OZRK,POOL,SEB,ATML,WGL,CXW,SMI,POR,TRCO,KGC,EV,EQC,LC,MR,FEIC,GFI,TDC,BOKF,UMPQ,INT,AMSG,FNFG,SBGL,TCK,W,BIN,CAB,FMER,CW,GME,VEEV,HLS,ZBRA,VWR,DCT,TECH,CTX,RRD,ITT,LGF,PRXL,RIG,CGNX,GSH,FICO,LFL,VEDL,BWP,CFX,PBF,SLGN,USG,RGC,WBS,WAL,STOR,AL,KEX,ESGR,VET,GOL,HRC,CEF,TDY,VSTO,TX,EXP,SYNA,CAE,HR,NJR,MUR
AMH,MCY,SWX,VNQI,CR,NWE,GHC,VGR,VC,YY,MEOH,VLP,FHN,TWO,DLX,OUT,AAXJ,CBT,CIEN,CNL,BCA,LANC,CMPR,ALGT,BOH,LHO,LIVN,ANAT,AHL,HZNP,NS,PSTG,RLI,ATHM,NRZ,RYN,HELE,AUY,BKD,CY,AUO,CMN,MUSA,RLJ,CONE,PRA,TEN,GPOR,SXT,ASB,HUN,STRZA,CRTO,PSEC,RBA,SINA,WEN,IGT,PFGC,STRZB,HMHC,KATE,ARES,NTL,OSK,TUP,WEX,BKH,LOGI,OLN,CVG,SLM,TECD,CIM,EXG,THC,CAKE,RBC,TEX,UMBF,UE,TKR,JACK,NBR,RARE,AVA,NRF,CLC,AKR,GNRC,MANU,PCI,SWFT,MTG,BDC,POL,SFUN,UFS,DSW
LPX,AWI,MBFI,MOMO,KRG,MENT,ENS,RDN,SUN,MDCO,OLED,INFN,SWN,OFC,VRNT,FULT,CTB,KW,CHE,GEO,INXN,UNVR,BDN,CATY,QLIK,CPHD,EGO,FNB,FI,YZC,MPLX,NUV,UNF,CMCM,NTI,OZM,FIG,NGHC,VLY,AMFW,EGN,APAM,WBMD,JJSF,IMAX,WTFC,CVI,FSIC,ESV,SAIC,NE,NYT,SF,GRUB,BCPC,AB,CNX,COR,MRD,AVX,STMP,STN,IBKC,ANF,PEB,MDP,AYA,FUL,BYD,EBR,EDR,LPLA,TCB,CIG,ROVI,KOS,VAC,MASI,STL,ACG,CVA,DAN,OMAB,PEGA,SHLD,WSTC,LGND,NEOG,RXN,SIR,CUZ,DECK,MSTR,ROIC,LXP,SID,ZNGA,GMT,CEB
DRH,GPT,HBHC,VTIP,CPPL,ESNT,CLI,DF,HI,MTX,ABM,FIZZ,GCI,WRE,WMGI,DOOR,ACAD,CHK,PODD,DNOW,CRAY,NGD,CMC,EVR,ISIL,TMHC,ABY,HMIN,MGEE,SSW,SOHU,CHMT,KYN,ESL,RDC,CMCT,CVBF,EE,GLNG,HTH,EVER,GVA,HAE,ACWX,MSA,COKE,ACXM,ISCA,NVRO,TVPT,EURN,GLPG,KMT,CSA,WPG,ATE,MFRM,SANM,AGRO,AYR,BTT,NG,ELP,OPHT,FNSR,MATW,WDFC,AWR,ROLL,RH,YELP,CHSP,GZT,JBT,SCS,BID,ETY,THRM,GGB,IXUS,MCHI,PCTY,SSB,VMBS,VIAV,AF,DOC,PAH,HNI,IBOC,NKTR,CXRX,DAR,KLXI,TIME,TRMK,MAIN,ATI,FGL
KFY,PAAS,WNS,DW,SSP,PBYI,TSE,ABG,EVV,SONC,AIRM,BCO,EDE,HMY,LITE,AXE,CNS,LQ,AXLL,GDV,NOMD,OSB,CRS,FLTX,MWA,ATU,FRO,KALU,KMPR,MTDR,SWHC,NWN,OMAM,SRG,VA,AHS,BANR,SVU,CSQ,GSM,FSV,COT,IIVI,BVN,NOAH,PEI,RPT,X,AAAP,BITA,BRC,CZR,CSTE,EVT,FPF,PRK,AZZ,HTS,HW,IOC,NSM,BTZ,BDJ,CBF,CHFC,IVR,MTH,DSGX,CIGI,CPS,ONB,PRGS,SEM,SHOP,BBN,CSIQ,EEQ,GEF,JOY,MC,PEGI,PZE,RNST,GCP,HMN,RICE,VCO,AMED,FWRD,SMTC,SFN,ABCO,TAC,UVV,CBM,RQI,FDML,MSGN,NAT
FAX,DYN,SFL,ITCI,LZB,MRC,PLXS,DDD,AGI,HURN,BABY,SCHL,SFS,VNOM,CYBR,KAMN,MPSX,ADPT,CWT,PRTY,TY,AIN,PAM,SHEN,TPRE,AINV,NRK,DV,NPO,EGOV,PDI,JOE,VG,WABC,SIMO,HMSY,INDB,KBH,KRNY,NBTB,AEL,AMWD,STNG,SCL,TPL,BEL,CNMD,ESND,MANT,NEA,PRIM,SDRL,PAHC,GDOT,JPS,PCH,CAFD,IRC,QLGC,RENN,ETW,FCH,GOV,IGF,MDCA,TGS,VRTU,BW,CEO,GNW,TSEM,ARI,BTG,ETG,IOSP,KWR,ZIOP,EGHT,FN,FFBC,GLOB,IRCP,LADR,OTTR,TOUR,PHK,PRFZ,SWC,BLD,UBSH,CATO,KN,AVG,JQC,PRTA,IPHI,VCLT,KS,HL
CNV,PMT,ZPIN,MPG,DBVT,ORBK,NHC,TRNO,ROG,TSL,IAG,FSP,CPK,AWF,CUB,TYPE,GIMO,CZZ,CEM,PDS,GOGO,CYOU,CMO,ALOG,DIOD,CCMP,CC,BLOX,LCI,ESE,MCRN,VMO,BGG,XXIA,JMEI,IRBT,SCSS,OPB,PTY,WSFS,SXI,GMLP,TOWN,JPC,HT,DDC,EIG,EIM,GWPH,AAWW,MDIV,STFC,BANF,NEWP,UTG,MITL,ABCB,AAV,NGL,NVGS,FFC,IFGL,BONA,STON,RGEN,EHIC,VIVO,XLRN,NRCIB,TMP,FRME,IPCC,SNR,RNP,CLLS,SEMG,SFR,IGR,DENN,TNC,CACQ,EJ,FOE,TIVO,LABL,WLL,HTD,TLN,ATRO,TGP,MTSC,CRVL,USA,BCOM,LNN,IRS,IIM,LMNX,CODI
NMFC,GLT,SNHY,ETH,PML,SRCE,TQQQ,STC,WBAI,WNC,QUOT,BNCN,ACCO,UEIC,BOE,CLDT,OEC,GLOG,FCF,WIX,BH,RMP,VECO,EDN,AOD,FRAN,IRET,ORIT,OAS,TRS,WTW,WIRE,INDY,LSCC,AIR,NKX,JKS,FSC,CPAC,SJW,VTA,KRO,VGM,FSS,VTTI,SGMS,PRSC,SLRC,CBB,OFIX,GBLI,AG,CCC,VKQ,STAR,GFF,MNR,CAPL,UBA,LKFN,PDT,CLW,ENT,PMC,DEL,MMYT,IFV,ADC,RMR,NEWM,CENT,PTNR,NMZ,FTAI,UHT,HBM,CHY,SYRG,YDKN,TYG,IQI,NAV,UVE,TGH,PPR,GTE,WING,EVC,TCPC,CENTA,RGS,ATRI,RCII,VVR,BFK,CHCO,MOV,BKCC,NTK
CAMP,HAFC,GTS,ANIK,GRC,MTGE,IRDM,TPC,AEGN,NSU,VCV,HQH,PPT,PJC,UBP,LHCG,IGD,ACET,AIMC,TCAP,ETJ,TNK,CNNX,CPF,WLRH,CENX,CEQP,WIW,LSG,CFNL,MG,DVAX,AVH,NID,LPG,ORBC,SM,NRE,BBH,ATTO,GTY,EAGL,LDRH,NLNK,QIWI,SPNC,PBFX,VDTH,TROX,CHI,ERF,FFIC,CRESY,NXJ,NTRI,RIGP,DSKY,MERC,HPS,ECPG,MGRC,EOS,NBHC,ELNK,NX,MDM,FEI ,TK,VGSH,FWP,FBP,NAD,VVI,EFC,OCIP,MRCY,RUN,MFL,CII,SPNS,TCBK,PLUS,UAM,FF,BPT,CMRE,NBB,MUI,QQEW,BGB,EFSC,SP,ARCO,RLD,FOXF,ZUMZ,PACE,UTL,TRST
CSTM,HPI,BUSE,PHH,CPLA,KTF,TLP,NVDQ,RPXC,VKI,UIS,DANG,MIN,DLTH,NZF,PMO,BOXC,BRS,TDIV,GKOS,OME,AHT,MMD,FLY,RESI,JTP,DPG,HFWA,MTRN,RDWR,HIX,OUTR,TNP,MCS,ASPS,BLW,JPI,ERN,BFZ,DGRW,VRTV,CPE,AKS,PCN,FITBI,WK,SBCF,ADAP,ARCB,EAD,QDEL,MIME,FSD,MUX,CSU,WMIH,PJT,EMCI,MESO,EFT,SBY,MTRX,VTWO,MVG,IMOS,FPO,CHSCM,LEJU,EXAS,EOI,INTL,VONE,DAC,GLUU,GLOP,GRAM,NIE,AMCC,ERC,SPXC,EXTN,BTE,FUR,CERS,OCN,GLO,CTS,ANH,BPMC,SSRI,BXMX,PWE,STB,EROS,JFR,SBR,ANFI,RFP,CHSCN
MOD,MSEX,ETM,WMC,WLKP,TXTR,SKYY,FNBC,DNR,FORTY,TG,DL,HYLS,COBZ,FSM,GLP,CET,FEN,NPTN,PMTS,BIB,CINR,NATL,VONG,PPBI,FARM,BLVD,LIND,ASND,AWP,IGOV,MMT,CCF,DFP,EFR,VBND,CO,NXZ,BMTC,QPAC,KEN,HPF,PMM,MCR,EPE,NTRSP,WHG,NBBC,LTS,MNKD,ESD,UIHC,BGC,GPX,GPP,BKT,THFF,NSA,CORT,CISG,PNNT,ONEQ,BTO,CPLP,AIXG,PZN,KAI,WLRHU,SAND,ARAY,PGH,AFB,VWOB,HMLP,AEPI,ABCW,WINA,AKG,ITRN,PMF,KODK,CCD,CAC,CLAC,IVC,NVG,PFBC,XNET,FLIC,BYM,CACB,VONV,GBAB,NML,PMX,DBL,STRP,SOXX,OMER
LRN,NHTC,GERN,NCV,ETB,CHW,CYD,MTL,SRLP,KLDX,WLH,UVSP,CUNB,NAC,PKOH,AFAM,SPLP,QADA,AVD,MBWM,CSBK,FBNC,BLE,VGIT,NRCIA,TRC,SGBK,CTR,ARLZ,VUSE,CBA ,FEP,KOP,ARRY,FDEF,MED,JLS,IXYS,NDLS,YORW,BGR,JMF,AGM,OIA,WOWO,RSO,NZH,FLML,BHK,AMCN,KZ,YRD,FFWM,ABR,REX,PSG,ANW,LION,RGLS,KRNT,HOFT,TMST,GBNK,FNHC,BKMU,QURE,CBD,VSEC,VNDA,AROW,XUE,FMO,NANO,EOT,CAF,GOOD,NEV,CETV,PCK,CMTL,ACTA,EVN,CLF,TA,SENEB,PBPB,DLNG,HTR,SENEA,DXGE,IBCP,NCZ,PEBO,FOR,WRLD,AIA,EUFN,NQ,SYX
BKK,PPH,MCI,MCC,QQQX,VICR,FCT,RYAM,FMSA,RGNX,MAV,TOO,TICC,SODA,BCX,CHSCO,NMY,VPV,COB,BGH,XCRA,QADB,MGIC,WIA,MHI,PGNX,HOS,NBH,HYI,EMO,QTEC,BITI,FTSL,IDT,HSC,EC,WSR,PCBK,PFLT,BGFV,NMIH,GOGL,HTBK,BMRC,MY,TUES,XCO,BZUN,MTT,AVK,AUMA,JRO,TGLS,OCFC,VTN,HTF,RPTP,BUI,PKO,NVMI,XIV,NUM,MTLS,HLIT,PERY,MFM,JRS,HBNC,ZAGG,PKE,FTF,ETO,JP,HMPR,XIN,SEMI,NUO,SCNB,SQQQ,BGT,CTO,PSCT,WAC,TESO,TIS,LMOS,WTBA,UCFC,IHC,LJPC,FC,LXFR,MPX,PSTB,EOD,ACRE,CMCO,AI,NVTA
LNDC,PIM,BKN,EVM,UNT,TDW,BME,DMRC,PZC,DJCO,PFIS,AMRN,IGLD,PPP,ECOM,ODC,PUB,LYTS,FENG,SRSC,TRTL,TIPT,FELP,NDRM,PGC,AOSL,NVCN,CLNE,TCS,HQL,PHT,EXAR,EHI,PBT,PHX,CCNE,NNA,OFG,ELOS,IMMR,PHD,JOF,ARTNA,NPV,FIF,ADUS,DTEA,DAX,CTF,HIFS,PCQ,HEOP,GUT,TBNK,NXQ,KEYW,CLACU,BSRR,STAA,BPK,WINS,XBIT,PLM,CCBG,VNR,NVEC,TCX,BSTC,VHC,DMO,GDO,FFA,ELECU,CGG,BFIN,HNH,EVG,EACQ,HLG,DATE,CZNC,CGEN,NXP,PRMW,HCAC,ELEC,AGTC,NTP,RAS,SDLP,DNN,ARCX,VNCE,BWG,NCOM,TREC,NUW,FKU,OMN
AGEN,EBTC,NCT,GFA,FDUS,GOF,ARWR,PSCH,TRIB,NUTR,NVX,PNQI,PFL,FMNB,POPE,ELRC,GNE,ACAT,MGU,WOOD,RRM,AMSGP,FSFR,NNC,WFBI,SJT,NPD,ZIXI,HOV,WILN,FSZ,SN,CHSCP,TPUB,CRHM,MJCO,DGII,CSWC,KNOP,BXE,IGI,AFT,COMT,ATLO,JOUT,SILC,CRC,SGI,FGM,MYF,DHF,ETX ,HSKA,JCE,OXFD,BIS,FRM,LMRK,CECE,ECR,KPTI,BSL,HLTH,ASC,GAIN,AT,GPIA,DSX,ENX,MCBC,CHFN,CCM,TITN,DHY,SPXX,PFN,GLDD,NTLS,SCD,BBOX,AFC,GARS,GDL,EVF,BNY,VBF,IMDZ,JDD,ABTL,BBX,CSI,MZOR,KIO,JHP,TAXI,FLC,LMNR,IRMD,JKI
RM,ANCX,NHS,JGV,BCOV,IVH,EVRI,FFKT,NXR,CCIH,PKD,CTRL,QTNT,FLDM,HEQ,NBRV,GPAC,NEN,NTC,BLBD,JTD,VTVT,STRT,AIF,TRTLU,NAP,MBTF,GLQ,GGAC,EDF,OIBR,ASA,I,LPCN,PGP,NSL,ENZY,NAZ,GSV,EVGN,MFSF,MX,AUDC,GHM,ITEK,PULB,SIFY,BBK,MDWD,BELFB,FAM,MGF,GSOL,CYTR,NIQ,IGA,GPRK,FOMX,KMM,CCLP,EXK,APIC,EMF,RST,PLPC,CPTA,FTGC,MRLN,GILT,ABUS,CECO,MPA,GGT,INNL,EGLT,XTLY,ITIC,CYNA,TPVG,DTLK,NRIM,PFNX,PERI,NWHM,FHK,DQ,FNWB,DXJS,WLFC,CARO,MEMP,JPEP,EARS,SUNS,AGC,SXCL,SLMBP,AMIC,MRCC
CWCO,ACTG,CNXC,MDLY,HZN,GLAD,DCO,JHS,PMBC,LCNB,LND,AJX,BGX,BCRH,CXE,TPHS,DHXM,BTA,AVXL,FSAM,EXA,CIFC,PCO,SQNS,CTIC,KSM,FUEL,OVAS,PLG,ALLT,ICA,KED,FT,MBRG,NBD,GEOS,HRMN,CHKE,RLH,NKG,VGI,SOL,ISHG,GLDI,USDP,SLMAP,SBI,BELFA,ORRF,HCLP,JTA,TESS,GRX,PFD,PNI,RIT,NTX,BBG,INAP,SHBI,DRD,SPA,MPV,FSTR,QQXT,FDT,WEA,HNRG,UNIS,JSD,LFVN,CEN,SAMG,ABDC,CFNB,MSLI,SPNE,BYLK,EMKR,CMU,CFFI,CXDC,VGLT,JRI,CHCT,PFO,FNTC,DRRX,IRDMB,NMT,SBLK,OXLC,DEX,QTM,FEM,RIF,ADRE,ACNB,CIX
LXU,BAF,NEWT,GPM,XONE,CVCY,GEQ,ADHD,GGACU,EXD,EIV,FPI,PER,IHD,MATR,CTSO,ACP,NIM,GENC,EEMA,CHKR,KMDA,SBW,AHC,FTSM,NVIV,RWLK,KHI,CHMG,QLTI,NCBS,KOPN,MFCB,NKA,JHI,VTWG,AP,LAYN,HRZN,AKP,HTCH,TAOM,LOJN,NEFF,CPHR,FBRC,BBEP,LSBG,RDHL,MFT,TVIX,CALL,GGM,ENZL,ATTU,SGM,WPRT,PCF,HFFC,BNJ,RYI,JRJC,FTCS,IRR,NYMX,OASM,INBK,MCF,HNW,ATAI,GLV,BHL,TZOO,IAF,OFED,UUUU,CXH,TANH,PNRG,PME,AKTX,MRIN,NMRX,GSVC,ERH,RDCM,ENFC,ZFC,DEST,CIZN,KWEB,REFR,WLB,EARN,PCYO,OSHC,LGI,DMD,NEON
TWMC,ATNY,PGZ,EGAN,ESXB,PSCD,PACD,AAPC,ARWA,ISTR,CHMI,SCM,OFS,PSCF,NAO,LCM,JMP,GORO,HYGS,FONR,MBFIP,STRL,XENE,JMT,GFN,MIXT,EDI,BANX,BSD,CLD,TGA,ROBO,HTY,CEV,IAE,ABE ,INF,VLT,CFCB,IRIX,RGCO,BBF,CRME,PRQR,EDAP,DRAD,DCA,NXC,EFF,PAR,GFY,AGD,FCSC,EML,AFCO,WATT,SSRG,CHEV,NWPX,UDF,NWFL,ORN,PNF,CMFN,GPL,OCX,HDRA,EMCB,SPE,BJZ,VOXX,SZMK,CDI,BGSF,RVSB,CVEO,AMSC,MFD,RSYS,AFMD,AXAS,FPT,UTI,SOCB,NBN,ONTY,MZF,ORMP,TCFC,FMN,CFRX,QABA,ECF,NMM,OVBC,PSDV,FCCY,PPHM,MNI
NDRO,QUIK,BSE,VUZI,OPOF,BIOA,HWCC,JST,CADT,XOMA,TLI,NBW,FAC,FHY,DNI,NM,FCCO,BCV,SGY,PES,BUR,CMT,ACFC,CRT,FJP,NEPT,SDR,LARK,RIVR,ELLO,AAME,UEC,CGO,LAND,SBBP,KEM,PTIE,CRNT,BFO,EMES,SMED,IOTS,SMMT,EGAS,VJET,AXTI,PFMT,SAR,DNBF,AINC,UTSI,BRID,PANL,TGB,BOCH,SNFCA,BKSC,PGLC,COVS,SOHO,UBFO,BOOM,BFY,CFD,FSBK,ADMP,MSL,SDT,EVY,KTCC,PAAC,DRYS,CPIX,CVM,AUPH,GPIC,NRT,OVLY,MTP,ULBI,CLBH,FGB,KFFB,ABIL,VBLT,AMRB,ANY,SZC,NTWK,MSBF,DWSN,IKGH,CPXX,TGD,NBO,ABEO,TRCB,SLQD,ARKR
SOCL,TGEN,JMI ,GGE,OAKS,ICAD,HK,PSCI,SMM,SYNL,ARTX,APDN,BSQR,LF,PMD,MAGS,QCLN,LENS,VNRX,EPIX,FEO,FXCM,GLU,CNR,KGJI,VTWV,CAMT,ZN,URG,NMS,SCX,EXFO,AGZD,PWX,FAV,JMM,FCLF,FUNC,HCAP,ICLN,CYBE,WYIGU,TUTT,SSBI,MFNC,LINC,MPB,MNE,MSP,IPAS,PRSS,HGT,MBCN,WYIG,EGY,ACW,SBBX,GNMA,VFL,FMY,PYN,MSB,ESP,TRIL,INTG,IPCI,TFSC,TATT,ADRD,OHAI,MVO,INOD,DWCH,CMLS,CWBC,EVJ,NCB,HTM,ANCB,ASRV,BLRX,UCBA,NTIC,QRHC,TACT,GRO,FHCO,CNLM,BHAC,AXU,CLIR,NXN,CRMD,GST,NGHCP,LRAD,BLH,IFEU,UPL
CERU,ECAC,RWC,IPKW,JPW,CBK,PNBK,CARZ,GTIM,BIE,CVV,FRBA,SVBI,MHGC,ACU,ADMA,BVX,VBIV,GNK,GLMD,CAS,ZX,EMIF,FULL,ANDA,GLADO,NCTY,EIA,EMCF,UNAM,CCUR,AIRR,MCOX,DIT,MNGA,LGCY,VIRC,ESBK,BBEPP,PBMD,DVCR,GLPW,IID,VOC,VCEL,ARDM,IEUS,PNTR,ATLC,KST,AIRI,WYY,EMAN,MTGEP,TNXP,IPWR,PFBX,EDUC,MNDO,CIF,BYFC,YECO,PSCU,BTU,XRA,JXSB,EGI,DTYS,IIN,ALN,IEC,KEQU,BCLI,BORN,XPLR,FORK,CPHC,HEAR,ADK,CYRN,TFSCU,KIQ,BQH,QAT,INTT,PLBC,EVO,BOSC,NTEC,EIP,SPP,IZEA,VGZ,MMV,FPA,ASM,JYNT,TUTI,ORPN
FMD,PARN,NVET,GULF,OIIM,VLTC,MDSY,AAMC,NOM,DDE,BLJ,NCQ,SGB,NYV,HSGX,TRX,RMGN,ROYT,WAYN,EMXX,QUMU,JTPY,CNAT,ETAK,EXXI,FRD,EMJ,OBAS,EIO,MFV,HPJ,VNRBP,CHEK,MHE,ASUR,AGND,SSFN,NVGN,SKY,WRN,VICL,CCA,BXC,DXPS,CYTX,NYH,JRJR,YPRO,THM,REXX,IO,GIGM,BPMX,EVP,STDY,DCIX,ZIV,IMN,BZM,PRAN,SMT,EFUT,JGW,ULTR,AXR,DXR,ONCS,BHV,PSCC,OXBR,AREX,FEMS,GV,DLHC,DSLV,SNTA,NHLD,GLBZ,MGCD,OTIV,GOODO,AEZS,EQFN,UQM,ZSAN,GALT,EVLV,DYSL,SIEB,EGT,CLSN,VBFC,SSE,PAGG,RAND,TEAR,CERC,CREG,PQ
ASTC,OXLCN,HNR,EMI,BANFP,CZFC,LIME,CBAY,SEED,EGLE,UAE,DXKW,MAB,NSAT,GAI,CVO,BVA,TCPI,LIVE,GOODP,TAT,CPSH,JCTCF,CYAN,MSN,IFON,LUNA,EMMS,CFGE,DGRS,EAC ,CPST,TPLM,ENG,IKNX,INS,CFO,CTRV,CDRB,CVR,ELON,GENE,BSI,NJV,USLV,PSAU,WVFC,CDC,PSCE,IHT,CANF,RDVY,CLDN,CIDM,BIOD,CFBK,MIW,SMCP,ADRA,APWC,EWZS,PXS,MBSD,FMB,MOC,SMTX,XPL,RPRX,BBP,CSPI,VALX,ITUS,ACY,MCZ,EMITF,HYZD,BBC,AUMN,NPN,CUO,FDIV,XTLB,APHB,ENSV,RXII,ICCC,OGXI,DAIO,ECT,UAMY,CSF,CTHR,ADGE,QYLD,ROSG,CETX,MCUR,NXTD,MDVX
ANDAU,CTIB,TOF,OCC,KOSS,QQQC,AEHR,LALT,FCA,HIHO,ESEA,OTEL,XNY,TWER,ISDR,CXSE,EMCG,HOVNP,KOOL,RESN,ADRU,SYRX,REDF,BVXV,PBM,GIGA,MGH,SSH,STPP,DLBS,KBSF,ELTK,TIK,RIBT,ATOS,FWM,IMNP,MTR,HRT,YDIV,LTBR,FLAG,LEU,TIL,UGLD,DGRE,KTOV,PSCM,NSYS,BNTC,TORM,DTUS,GRID,FSI,PED,PPHMP,WSCI,PZG,SSN,TRT,FONE,UBIO,FTRI,QINC,CPAH,FEUZ,USEG,DFBG,AMS,DHRM,LGCYO,MDGS,CETC,COOL,HUSA,RITT,AKER,DELT,FTW,MOKO,LEDS,SLVO,FCAN,MARPS,DYNT,BICK,YGE,DGLD,ETRM,SKOR,SALT,PW,DXI,FDTS,HYND,EEML,CRDT,AWX,CFA
SCON,FES,QBAK,CLWT,MTSL,LBIX,DRWI,TOPS,MPET,DTYL,TUSA,FTHI,VIIX,RADA,TAIT,IGC,VXDN,FLAT,MYOS,LDRI,MXC,NFEC,TCCO,FTLB,DTUL,JGBB,UBND,DLBL,NAKD,FPP,CALI,NADL,ZBIO,BGI,MGT,FLN,GLRI,FTAG,CBMX,HMNY,KONE,FKO,SKLN,WPCS,SPEX,DRAM,LGCYP,TLOG,DPW,SRET,YLCO,MAUI,SHIP,VIIZ,FBZ,DFVL,GNOW,GLBS,DFVS,PRGN,NRP,TFSCR,TFSCW,PIH,FLWS,FCTY,VNET,XXII,TWOU,JOBS,SIXD,AVHI,SHLM,ATEN,AAC,AAON,AAN,ABAX,ABGB,ABEOW,CH,FCO,GCH,IF,ISL,JEQ,SGF,ABILW,ABMD,ACHC,ACST,AXDX,VXUP,ACRX,AKAO,ACHN,ACIW,ACRS,ACOR
AIII,ATNM,ACTS,ACPW,ATVI,ACUR,ADMS,ADX,PEO,AE,ADK^A,AEY,ADTN,ADRO,WMS,AEIS,AITP,AMD,ASX,ADXS,ADXSW,AEGR,AEB,AED,AEH,AEK,AMTX,AERI,HIVE,AJRD,AVAV,AEMD,AMG,MGR,AFFX,AFSD,MITT,MITT^A,MITT^B,WGA,AGRX,A,AGYS,AGIO,GAS,AGFS,AGFSW,AIMT,APD,AIRT,ATSG,ARG,AKAM,AKBA,AKRX,ALP^O,ALG,ALRM,ALK,ALSK,AMRI,AA^,AA^B,ALDR,ALDX,ALR^B,ALEX,ALX,ARE,ARE^D,ARE^E,ALXN,ALXA,ALCO,ALGN,ALIM,ABTX,AGN^A,ALE,AFOP,AIQ,AHGP,AOI,ARLP,ACV,NFJ,AHPI,AMOT,AWH,ALQA,ALSN,MDRX,ALL^A,ALL^B,ALL^C,ALL^D,ALL^E,ALL^F,ALLY^A
AAU,ALNY,ALJ,ALDW,APT,ATEC,AMAG,AMRK,AMZN,AMBC,AMBCW,AMBA,AMBR,AMC,AMDA,AMRC,ATAX,AMOV,AMX,AAL,AAT,AXL,AGNCP,ACSF,ACAS,AEO,AEP,AETI,AFA,AFG,AFGE,AFGH,AFW,AMH^A,AMH^B,AMH^C,AIG,AIG.WS,AMID,AMNB,APEI,ARII,ARL,ARPI,ASEI,AMSWA,AMT^A,AMT^B,CRMT,APU,AMP,AMSF,ASRVP,FOLD,AMKR,AMPH,AMPE,BETR,ASYS,AME,AFSI,AFSI^A,AFSI^B,AFSI^C,AFSI^D,AFSS,AFST,AMRS,ANAC,AEUA,ANAD,ADI,ANDAR,ANDAW,ANGI,ANGO,ANIP,NLY^A,NLY^C,NLY^D,ANSS,ATRS,ANTM,ANTX,ANTH,ANH^A,ANH^B,ANH^C,ABAC,AXN,AIV^A,AIV^Z,ZLIG,APOG,ARI^A,APOL,APO,AIB,AIY
AMTG,AMTG^A,APPF,APLE,ARCI,APDNW,AIT,AMAT,AAOI,APRI,ATR,APTO,WTR,AQMS,AQXP,AUMAU,AUMAW,PETX,ABR^A,ABR^B,ABR^C,ABRN,ARC,ARCW,ABIO,RKDA,ARH^C,APLP,AROC,ARDX,ARNA,ARU,ARDC,AGX,AGII,AGIIL,ARGS,ARIS,ARIA,ANET,AIC,AIW,AHH,AMCO,ARR,ARR^A,ARR^B,ARWAR,ARWAU,ARWAW,ARQL,DWAT,ARW,ARTW,PUMP,ASBB,ASNA,ASCMA,AHP,AHT^A,AHT^D,AHT^E,APB,GRR,ASPN,AHL^A,AHL^B,AHL^C,AZPN,ASMB,ASB.WS,ASB^B,ASB^C,AC,AIZ,AGO^B,AGO^E,AGO^F,ASFI,ASTE,AST,AF^C,ALOT,ATRA,ATHN,ATHX,ACBI,ATNI,ATLS,AFH,ARP,ARP^D,ARP^E,ATRC,ATW,LIFE,AUBN,ADSK,AGMX
ADP,AN,AZO,AAVL,AVB,AGR,AVNU,AVEO,AVXS,AVNW,AVID,AVGR,CAR,AVV,AVT,AVP,AWRE,ACLS,AXS^C,AXS^D,AXGN,AXSM,AZUR,BGS,RILY,BEAV,BMI,BIDU,BWINA,BWINB,BTN,BLDP,BGE^B,BANC,BANC^C,BANC^D,BANC^E,BOCA,BLX,SAN,SAN^A,SAN^B,SAN^C,SAN^I,BKJ,BXS,BAC.WS.A,BAC.WS.B,BAC^C,BAC^D,BAC^E,BAC^I,BAC^L,BAC^W,BAC^Y,BAC^Z,BML^G,BML^H,BML^I,BML^J,BML^L,BK^C,BOTJ,RATE,BKU,BWFG,BHB,BCS^,BCS^A,BCS^C,BCS^D,BHACR,BHACU,BHACW,BNED,BKS,B,BRN,CUDA,BBSI,BAS,BSET,BYBK,BV,BBT^D,BBT^E,BBT^F,BBT^G,BBCN,BCBP,BCE,BECN,BSF,TZF,BBGI,BZH,BEBE,BDX,BGNE
BLCM,BMS,BHE,BNCL,BNFT,BNTCW,BRK.A,BRK.B,BHLB,BBY,BGCA,BGCP,BIG,BIND,BIOA.WS,BASI,BCDA,BIOC,BCRX,BDSI,BIOL,BLFS,BVXVW,BPTH,BIO,BIO.B,BIOS,BSPM,BOTA,BEAT,BTX,BTX.WS,BDMS,BJRI,BDE,BKHU,BKFS,BSM,BLKB,HAWK,HYT,DSU,EGF,BGY,BIT,MUA,MEN,MUC,MUH,MHD,MUJ,MHN,MUE,MUS,MVT,MYC,MCA,MYD,MIY,MYJ,MYN,MQT,MYI,MQY,BST,BLK,BDR,BLMN,BLT,BCOR,BUFF,BBLU,BHBK,NILE,BLUE,BKEP,BKEPP,BRG,BRG^A,ITEQ,STCK,BOBE,BOFI,WIFI,BCC,BOJA,BCEI,BNSO,BOOT,SAM,BPFH,BPFHP,BPFHW,BXP,BXP^B,EPAY,BLVDU,BLVDW,BWL.A
BOXL,BDN^E,BBRG,BDGE,BLIN,BPI,EAT,BR,BSFT,BVSN,BWEN,BRCD,DTLA^,HHY,BOI,BRKL,BRKS,BRO,BF.A,BF.B,BLMT,BKE,BWLD,BBW,BLDR,BURL,BWXT,CJES,CHRW,BCR,BNK,GYB,PFH,CABO,CACI,CDNS,CDZI,CAI,CLBS,CLMS,CAA,CVGW,CAL,CALA,CALX,CALD,CPE^A,CALM,CLMT,ABCD,CCG,CCG^A,CGIX,CAJ,CBNJ,COF.WS,COF^C,COF^D,COF^F,COF^P,BXMT,CLA,CLACW,CFFN,CAPN,CAPNW,CAPR,CMO^E,CARA,CRR,CARB,CBYL,CRDC,CAH,CSII,CATM,CCP,CRCM,CDNA,CTRE,CKEC,CSV,CRZO,TAST,CRI,CRTN,CARV,CASM,CSCD,CWST,CASY,CSH,CASI,CASS,ROX,CSLT,CATB,CTLT,CBIO
CTT,CAT,CATYW,CVCO,CAVM,CBFV,CNLMR,CNLMU,CNLMW,CBZ,CBL,CBL^D,CBL^E,CBO,CBOE,CBG,CBS.A,CBX,CAW,CDK,FUN,CDR,CDR^B,CGI,CLS,CELGZ,CEL,CLDX,CLRB,CLRBW,CBMG,CVM.WS,CEMP,CNP,CSFL,EBR.B,CEE,CNBKA,CNTY,CCS,CTL,CERCW,CERCZ,CERE,CEVA,CF,GIB,CSBR,HOTR,HOTRW,CRL,GTLS,CHTR,CHEKW,CKP,CHGG,CEMI,CCXI,CQH,CQP,LNG,CHK^D,CHSP^A,CHMA,CBNK,CHS,PLCE,CMRX,CADC,CAAS,CBAK,CBPO,CCCL,CCCR,CCRC,STV,CHN,CGA,HGSH,CNIT,CJJD,HTHT,CHNR,CPHI,CSUN,CNTF,CNYD,CNET,CMG,CHH,CHSCL,CHT,CHD,CHDN,CHUY,CBR,CDTX,CBB^B,CIR
CSCO,CTRN,C.WS.A,C^C,C^J,C^K,C^L,C^N,C^P,C^S,CZWI,CFG,CIA,CTXS,CIO,CIVB,CIVBP,CIVI,CKX,CWEI,CDTI,CLH,CLNT,CCO,CLFD,CLRO,CBLI,CLVS,MYCC,CMS^B,CNO,COH,CWAY,CIE,CCE,CDXS,CVLY,CDE,JVA,CCOI,CGNT,FOF,INB,UTF,LDP,MIE,PSF,RFI,COHR,CHRS,COHU,CLCT,COLL,CBAN,CLNY,CLNY^A,CLNY^B,CLNY^C,CLCD,COLB,CPGX,CXP,STK,CCV,CCZ,CMA.WS,FIX,CBSH,CBSHP,CUBN,CVGI,COMM,CSAL,JCS,CBU,CCFI,CYH,CYHHZ,CTBI,CVLT,CIG.C,CCU,CMP,CPSI,CTG,SCOR,CHCI,LODE,CRK,CAG,CNCE,CDOR,CDORO,CDORP,CFMS,CONG,CNFR,CTWS,CNOB
CONN,CNSL,STZ.B,CPSS,CBPX,CLR,CFRXW,VLRS,COO,CPA,CPRT,COYN,COYNW,CRBP,CLGX,CORE,CORR,CORR^A,COR^A,CVRS,CORI,CSOD,CRF,CLM,GYC,OFC^L,COSI,CMRE^B,CMRE^C,CMRE^D,CSGP,CCSC,CFC^A,CFC^B,ICBK,CVTI,COWN,COWNL,CVU,CRAI,CBRL,BREW,CRD.A,CRD.B,CIK,CREE,CROX,CCRN,XRDC,CRDS,CCI^A,CRWS,CCK,CRWN,CRY,CYRX,CYRXW,CRVP,CSGS,CSS,CST,CSWI,CTCM,CTRP,CUBE^A,CUI,CFR,CFR^A,CFI,CURM,CRIS,SRF,CUBI,CUBI^C,CUBI^D,CUBS,CUTR,CVT,UAN,CVRR,CYCC,CYCCP,CYNO,CELP,CYS,CYS^A,CYS^B,CYTK,CTMX,DHI,DAKP,DAKT,DRI,PLAY,DPM,DDR^J,DDR^K,DFRG,TACO
VCF,DDF,VMM,DCTH,DKL,DK,DAL,DLA,DGAS,DELTW,DWRE,DEPO,DSCI,DERM,DXLG,DSWL,DTRM,DKT,DTK,DXB,DXCM,DGSE,DHX,DHT,DMND,DHIL,DO,DRII,FANG,DSX^B,DSXN,DRNA,DBD,DGLY,DLR,DLR^E,DLR^F,DLR^G,DLR^H,DLR^I,APPS,DGI,DDS,DDT,DCOM,DMTX,DIN,DPRX,DPLO,DFS^B,DISCA,DISCB,DISCK,DSCO,DRA,SAUC,DSS,DLTR,DM,D,DCUA,DCUB,DCUC,DCI,DGICA,DGICB,DMLP,DORM,EAGLU,EAGLW,DSL,PLOW,DEI,DVD,DPS,DDAY,DRWIW,DWA,DMB,DMF,DSM,LEO,DRQ,DSKX,DSPG,DST,CADTR,CADTU,CADTW,DTQ,DTZ,DTSI,DSE,DNP,DTF,DUC,DUKH,DNKN,DFT
DFT^B,DHG,DXPE,DY,DLNG^A,DYN.WS,DYN^A,DX,DX^A,DX^B,DD^A,DD^B,EBMT,EGBN,GRF,EGIF,EGRX,ECC ,ECCA,ECCZ,ESTE,EWBC,EACQU,EACQW,DEA,EVBS,EGP,KODK.WS,KODK.WS.A,ETN,EVSTC,EBIX,ECHO,ECTE,EEI,ECACR,ECACU,ESES,EDGE,EDGW,EDIT,EHTH,EP^C,LOCO,ERI,ESIO,ELMD,EFII,ELSE,ELECW,EBIO,RDEN,CAPX,ELLI,LONG,AKO.A,AKO.B,EME,EOX,EBS,EMG,NYNY,ERS,ESRT,ENBL,ENTA,EEP,GI,ECYT,ELGX,EIGI,ENH^B,ENH^C,ENR,EPC,EFOI,ERII,ETE,ENRJ,ENRJ^,ENOC,EGL,ENLK,ENLC,EBF,ENVA,ENPH,ESNC,ENTG,ENTL,EAA,EAB,EAE,ELA,ELB,ELJ,ELU,EFM,EMQ
ENJ,EZT,ENV,EVI,EVHC,EVA,ENZ,ENZN,EOG,EPAM,EPIQ,EPRS,EPZM,EPR^C,EPR^E,EPR^F,EQGP,EQM,EFX,EQIX,EQBK,EQC^D,EQC^E,EQCO,ELS,ELS^C,EQY,EQS,ERA,ERB,ESCA,ESPR,ESSA,ESS,ESS^H,EL,ESSF,ETSY,EEFT,EEA,EVEP,EVBN,EVER^A,RE,EVK,EVTC,EVDY,EVOK,EVH,EPM,EPM^A,EVOL,EXAC,EXAM,EXEL,EXLS,EXPE,EXPD,EXPO,EXPR,STAY,EXTR,EYEG,EYEGW,EZPW,FNB^E,FFIV,FB,FCS,FRP,FALC,DAVE,FARO,FATE,FBSS,FFG,FCB,AGM.A,AGM^A,AGM^B,AGM^C,FII,FCH^A,FENX,FGP,FCAM,FGEN,FNF,FNFV,FIS,FPP.WS,FRGI,FSCE,FSCFL,FNGN,FISI,FNJN,FNTCU,FNTCW
FNLC,FBIZ,FCAP,FCFS,FCNCA,FCBC,FCFP,FBNK,FFBCW,FFIN,FFNW,FGBI,FHN^A,FR,FIBK,FMBH,FMBI,FNFG^B,FPO^A,FRC^A,FRC^B,FRC^C,FRC^D,FRC^E,FRC^F,FRC^G,FSFG,FSLR,FDEU,FEMB,FPXI,LMBS,CIBR,FPL,FCVT,SVVC,FMER^A,FISV,FIT,FIVE,OAKS^A,FPRX,FVE,FIVN,FBC,BDL,FLT,FLKS,FLXN,LKOR,ASET,QLC,FLXS,FLIR,FTK,FLO,FTI,FOGO,FL,FCE.A,FCE.B,FORM,FORR,FDI,FTNT,FBIO,FBHS,FET,FORD,FOSL,FMI,FCPT,FXCB,FELE,FSB,BEN,FRED,FCX,FREE,RAIL,FEIM,FDP,FRPT,FTRPR,FRPH,FSBW,FTD,FCN,FSYS,FTEK,FCEL,FULLL,FLL,FSNN,FFHL,GK,WILC,GCV,GCV^B
GDV^D,GAB,GAB^D,GAB^G,GAB^H,GGZ,GGT^B,GUT^A,GAIA,GCAP,GALTU,GALTW,GALE,GGN,GGN^B,GBL,GNT,GLPI,GPS,GGACR,GGACW,IT,GLOG^A,GST^A,GST^B,GCTS,GLSS,GNRT,GAM,GAM^B,GNCMA,GEH,GEK,GEB,JOB,GFNCP,GFNSL,GGP,GGP^A,GIS,GMO,GM.WS.A,GM.WS.B,GSI,GWR,GEL,GEN ,GNE^A,GNMK,GNCA,GHDX,GNST,GNVC,GTWN,GPE^A,GABC,GEVO,ROCK,GIG,GIII,GIL,GILD,GBCI,GOODN,GAINN,GAINO,GAINP,GBT,BRSS,GHI,GBLIZ,GNL,GPACU,GPACW,SELF,GSL,GSL^B,ACTX,ALTY,GSB,GSAT,GBIM,GMED,GLOW,GLYC,GNC,GLDC,GDEN,GSS,GSBD,GS,GS^A,GS^B,GS^C,GS^D,GS^I,GS^J,GS^K,GS^N
TFG,GER,GMZ,GBDC,GPRO,GMAN,GRSH,GRSHU,GRSHW,GPIAU,GPIAW,GPT^A,LOPE,GRP.U,GRVY,GTN,GTN.A,GBSN,GXP^A,GXP^D,GXP^E,GSBC,GWB,GB,GNBC,GRBK,GPRE,GBX,GCBC,GHL,GRH,GRH^C,GLRE,GEF.B,GRIF,GRFS,GPI,GRPN,PAC,ASR,SIM,GVP,GSIG,GSIT,GTT,GTXI,GFED,GES,GUID,GWRE,GIFI,GUA,GURE,GLF,GWGH,GYRO,HEES,HRB,HALL,HALO,HYH,HBK,HBHCL,HASI,HNSN,HQCL,HDNG,HOG,HAR,HRMNU,HRMNW,TINY,HHS,HGH,HIG,HIG.WS,HART,HBIO,HCAPL,HAS,HTS^A,HVT,HVT.A,HE,HE^U,HA,HCOM,HWKN,HWBK,HAYN,HCHC,HCA,HCI,HCJ,HCP,HDS,HIIQ,HCSG,HTA
HLS.WS,HSTM,HWAY,HTLD,HTLF,HPY,HTWR,HTBX,HL^B,HEI.A,HSII,HLX,HP,HMTV,HEB,HNNA,HCACU,HCACW,HSIC,HTGC,HTGX,HTGY,HTGZ,HERO,HRTG,HCCI,MLHR,HRTX,HT^B,HT^C,HTZ,HES^A,HF,HGG,HIBB,ONE ,HIW,HIL,HLM^,HIMX,HMG,HMNF,HEP,HOLI,HOLX,HBCP,HOMB,HD,HFBL,HMST,HTBI,HMC,HH,HFBC,HDP,HPT^D,HST,HLI,HSFC^B,HBMD,HRG,HSBC^A,HSEA,HSEB,HUSI^F,HUSI^G,HUSI^H,HSNI,HTGM,HNP,HUBG,HUBS,HBM.WS,HSON,HPP,HDSN,HBANP,HII,HURC,HBP,HDRAR,HDRAU,HDRAW,HY,IDSY,IBKCP,IBIO,IBO,ICFI,ICON,ICUI,IDA,INVE,IDRA,IDXX,IDI,IROQ,IRG,RXDX
ILMN,ISNS,IMUC,IMGN,IMMU,IMH,IPXL,IMPV,IMMY,IMPR,IMS,INCR,IOT,SAAS,ICD,IRT,IBTX,IFN,IDSA,IBA,INFI,III,HIFR,INFU,IND,ING,INZ,ISF,ISG,ISP,IMKTA,IRC^A,IRC^B,INWK,IPHS,ISSC,INVA,INGN,INOV,INO,NSIT,ISIG,INSM,NSP,NSPR,IBP,IIIN,IFMI,INST,INSY,IDTI,IESC,IQNT,IDN,I^A,IPAR,IBKR,ININ,ICPT,ICLD,ICLDW,IDCC,TILE,IMI,IFF,IIJI,IDXG,IPG,XENT,INTX,IPL^D,IILG,IVAC,INTLL,IL,SNOW,IPI,ISRG,INUV,INVN,INVT,SNAK,IVR^B,IVR^A,ITG,ISBC,IRET^,IRET^B,IVTY,IONS,IRWD,ISLE,ISR,ISRL,STAR^D,STAR^E,STAR^F,STAR^G,STAR^I
ITRI,ESI,JPM.WS,JPM^A,JPM^B,JPM^D,JPM^E,JPM^F,JPM^G,JPM^H,JAX,MAYS,JBHT,JCP,JCOM,JASO,JBL,JKHY,JAXB,JAGX,JAKK,JMBA,JRVR,JNS,JSML,JSMD,JASN,JASNW,JD,JSYNU,JCAP,JIVE,WYIGW,JMPB,JMPC,JBSS,JW.A,JW.B,JCI,JONE,JMG,JFC,JNPR,JNP,JUNO,JE,KTWO,KNDI,KSU^,KAR,KYE,KMF,KYN^F,KYN^G,KBR,KAP,KCAP,KCG,KELYA,KELYB,KMPA,KMPH,KWN,KERX,GMCR,KEG,KTEC,KEY^G,KFRC,KRC^G,KRC^H,KE,KBAL,KIM^I,KIM^J,KIM^K,KMI,KMI.WS,KMI^A,KIN,KND,KINS,KFS,KIRK,KITE,KTOVW,KFH,KFI,KFN^,KLOX,KLRE,KLREU,KMG,KNX,KNL,KONA,KEF,KF,KRA
KKD,KUTV,KLIC,KURA,KVHI,LB,LLL,DRIO,LG,LTS^A,LSBK,LBAI,LAKE,LDR,LE,LSTR,LNTH,LTRX,LPSB,LPI,LHO^H,LHO^I,LAQ,LDF,LAWS,LOR,LEE,LTXB,DDBI,EDBI,LVHD,UDBI,LM,LEG,CVB,JBK,KCC,KTH,KTN,KTP,XKE,LDOS,LMAT,TREE,LEN.B,LII,LVLT,LXRX,LXP^C,LXK,LPL,LGIH,LGL,LBY,ASG,TAX,LTRPA,LTRPB,LOCK,LPNT,LCUT,LWAY,LITB,LPTH,LLEX,LLNW,LECO,LNC.WS,LINDW,LNCO,LINE,LBIO,LIOX,LIQT,LQDT,LAD,LFUS,LYV,LOB,LPSN,LMFA,LMFAW,LMIA,LOGM,EVAR,CNCR,LORL,LOW,LOXO,LPTN,LTC,LUB,LEI,LL,LXFT,LUX,LDL,MTB.WS,MTB^
MDC,MTSI,MHO,MHO^A,MGNX,MCN,MGLN,MGA,MGYR,MH^A,MH^C,MHLD,MHLDO,MHNA,MHNB,MHNC,MSCA,MSFG,MBUU,MLVF,MAMS,HYF,MANH,LOAN,MNTX,MTW,MTW$,MFS$,MTEX,MN,MAPI,MARA,MCHX,MMI,HZO,MRNS,GNRX,MKTX,MKTO,MBII,MMC,MRTN,MLM,MSTX,MTZ,MHH,MTCH,MATX,MAT,MTSN,MLP,MXIM,MMS,MXL,MXPT,MXWL,MBI,MCFT,MKC,MKC.V,MDR,MHFI,MDU,MTL^,MDGN,MDGN.WS,MEG,MPW,MTBC,MTBCP,MNOV,MDSO,MDVN,MCQ,MCV,MCX,MD,MDVXW,MEET,MEIP,MLNX,MELR,MELI,MBVT,MRK,EBSB,MMSI,MTOR,IPB,MER^K,MER^M,MER^P,PIY,MACK,MLAB,CASH,MBLX,MEI,MET
MTD,MXE,MXF,MFA,MFA^B,MFO,MFRI,MGPI,MU,MICT,MICTW,MVIS,MAA,MEP,MCEP,MOFG,MLSS,MLR,HIE,MDXG,MB,NERV,MGN,MRTX,MIRN,MSON,MP^D,MIND,MITK,MFG,MKSI,MMAC,MINI,MOBL,MOCO,MODN,MLNK,MHK,MOLG,TAP.A,MNTA,MCRI,MNRK,MDLZ,MGI,MNR^A,MNR^B,MORE,MPWR,MNRO,MWW,MOG.A,MOG.B,MS^A,MS^E,MS^F,MS^G,MS^I,MSK,MWG,MWO,MWR,APF,MSD,EDD,MSF,IIF,MORN,MOSY,MPAA,MSI,MRVC,ICB,HJV,MSM,MLI,MFLX,MVF,MZA,MVC,MVCB,MYE,MYOK,MYRG,MYGN,NC,NSPH,NSTG,NNVC,NK,NSSC,NDAQ,NTRA,NATH,NAUH,NKSH,NCMI,NGHCO,NGHCZ
NHI,NOV,NPBC,NPK,NNN^D,NNN^E,NSEC,NWLI,NW^C,NAII,NGS,NGVC,NATR,NTZ,NLS,NAVB,NCI,NM^G,NM^H,NAV^D,NBCP,NCS,NCIT,NP,NNI,NEO,NEOS,NEOT,NRX,UEPS,NETE,NTAP,NTES,NFLX,NTGR,NLST,NTCT,NTIP,NRO,CUR,NBIX,NURO,NUROW,NSIG,NSR,UWN,HYB,GBR,GF,IRL,EDU,NEWR,NWY,NYCB,NYCB^U,NYMT,NYMTO,NYMTP,NYRT,NCT^B,NCT^C,NCT^D,NR,NEWS,NEWTZ,NHF,NXRT,NXST,NEP,NEE,NEE^C,NEE^G,NEE^H,NEE^I,NEE^J,NEE^P,NEE^Q,NMK^B,NMK^C,NICK,NIHD,NKE,NMBL,NI,NVLS,NL,NNBR,NORD,NORT,JWN,NOA,NAK,NOG,NFBK,NSAM,NRF^A,NRF^B,NRF^C,NRF^D
NWBI,NWBO,NWBOW,NVFY,NBY,MIFI,NVAX,NRG,NYLD,NYLD.A,NTN,DCM,NUS,NUAN,NSH,NSS,NUVA,JMLP,NCA,DIAX,JGH,JHA,JHY,NQM,NHA,NMA,NMI,NMO,NIO,NNY,NQP,NPP,NPF,NPM,NPT,NPI,NQU,NQI,NQS,NVEE,NVR,NXTM,NXTDW,OAK,OBCI,OPTT,OII,OCRX,OCLR,OCUL,OCLS,OCLSW,OMEX,ODP,OFG^A,OFG^B,OFG^D,OHRP,OIBR.C,OIS,ODFL,OLBK,OSBC,OSBCP,OLLI,ZEUS,OFLX,OHI,OMCL,ASGN,ONDK,OMED,ONTX,OGS,OHGI,OLP,OB,OMF,OKS,OKE,ONVI,OOMA,OPXA,OPXAW,OPGN,OPGNW,OPWR,OPY,OPHC,OGEN,OSUR,OA,ORC,ORLY,OREX,ONVO,ONP,OESX,ORA
OSIR,OSN,OTG,OTIC,OSG,OSGB,OSTK,OMI,ORM,OI,OXBRW,OXM,OXLCO,OXGN,PFIN,PTSI,PACEU,PACEW,PHF,PAI,PACB,PEIX,PCG^A,PCG^B,PCG^C,PCG^D,PCG^E,PCG^G,PCG^H,PCG^I,PAACR,PAACU,PAACW,PSUN,PCRX,PTN,PANW,P,PZZA,FRSH,PARR,PRGNL,PGRE,PRTK,PCYG,PKBK,PRKR,PKY,PE,PRE^D,PRE^E,PRE^F,PBHC,PATK,PN,PATI,PDCO,PTEN,PAYX,PAYC,PYDS,PYPL,PBBI,PCCC,PCMI,PCTI,PDCE,PDFS,PDLI,PDVW,SKIS,PSO,PEB^A.CL,PEB^B,PEB^C,PENN,PNTA,PWOD,PEI^A,PEI^B,PTXP,PFSI,PAG,PEN,PEBK,PBCT,POM,PEP,PRCP,PRFT,PERF,PKI,PESI,PTX,PETS,PBR.A,PFE,PFSW,PGTI
PHII,PHIIK,PFX,PNX,PHMD,PLAB,PNY,PDM,PIR,PIRS,PCM,RCS,PNK,PNFP,PF,PPSI,PBI^B,PXLW,PAA,PAGP,PLNT,PLPM,PLT,PLUG,PSTI,PLXP,PGEM,PMV,PNC,PNC.WS,PNC^P,PNC^Q,PNM,PBSK,PCOM,PLCM,PLKI,BPOP,BPOPM,BPOPN,PBIB,PTLA,POST,PPS,PPS^A,POWL,POWI,PW^A,PSIX,POWR,PDBC,DWTR,IDLB,QQQ,USLB,PPG,PPX,PYS,PYT,PRAA,PRAH,PX,APTS,PJS,PFBI,PINC,PGND,PBH,PVG,PRGX,PSMT,PRI,PRZM,PVTB,PVTBP,PVTD,PDEX,IPDN,PFIE,PLD,DNAI,PFPT,PRPH,PRO,PBB,PB,PLX,PL^C,PL^E,PRTO,PTI,PRLB,PVCT,PVCT.WS,PVBC,PROV,PFS,PBIP,PFK
PRH,PRU,GHY,PUK^,PUK^A,ISD,PSB,PSB^S,PSB^T,PSB^U,PSB^V,TLK,PTCT,PSA^A,PSA^B,PSA^Q,PSA^R,PSA^S,PSA^T,PSA^U,PSA^V,PSA^W,PSA^X,PSA^Y,PSA^Z,PULM,PHM,QTWO,QCRH,QEP,QKLS,QRVO,QTS,QUAD,QSII,QLYS,PWR,QTWW,QPACU,QPACW,QNST,CTAA,CTQ,CTU,CTV,CTW,CTY,CTZ,RAX,RLGT,RLGT^A,ROIA,ROIAK,RDUS,RDNT,RAS^A,RAS^B,RAS^C,RFT,RFTA,RMBS,RPT^D,RLOG,RPD,RAVE,RAVN,RJD,RJF,RICK,RCMT,RMAX,RLOC,RGSE,RELY,RNWK,RP,O^F,UTES,UK,RCON,REPH,RHT,RRGB,RWT,REED,REG^F,REG^G,REGN,TAPR,TVIZ,RF^A,RF^B,RGA,RZA,REIS,RELV,RLYP,MARK,RNR^C
REGI,RCG,RNVA,RNVAW,RNF,RTK,RJET,RBCAA,FRBK,RSG,RSAS,REXI,RSO^A,RSO^B,RSO^C,RECN,RPAI,RPAI^A,SALE,RVP,RTRX,RVNC,REV,RBIO,RVLT,RNN,REXR,RFIL,RIBTW,RELL,RIC,RIGL,NAME,RNET,REI,RNG,RITTW,RTTR,RMI,RIV,RLJE,RRTS,ROK,COL,RMTI,RCKY,RMCF,RSTI,RCI,ROKA,ROL,ROP,RRMS,ROST,RSE,RBPAA,RY^S,RY^T,RBS^E,RBS^F,RBS^G,RBS^H,RBS^I,RBS^L,RBS^R,RBS^S,RBS^T,RDS.A,RDS.B,RGLD,RGT,RMT,RVT,RES,RSPP,RTIX,RBCN,RT,RKUS,RTEC,RUSHA,RUSHB,RUTH,R,RHP,STBA,SANW,SBRA,SBRAP,SAEX,SB,SB^B,SB^C,SB^D,SFE,SAFT,SGA,SAGE,SGNT
SAJA,SALM,SAL,SBH,SAFM,SASR,SGMO,GCVRZ,SOV^C,SAQ,SRPT,BFS,BFS^C,SBFG,SBFGP,SCSC,SMIT,SCHN,SWM,SCLN,SQI,SLTB,SBNA,SBNB,SNI,LBF,SCYX,SA,SEAC,CKH,SHLDW,SHOS,SSW^C,SSW^D,SSW^E,SSWN,SGEN,SEAS,EYES,JBN,JBR,SLCT,SGZA,SIGI,SMLR,SNHN,SNHO,SNMX,SQNM,SQBG,MCRB,SERV,NOW,SREV,SFBS,SVT,SEV,SGOC,SHAK,SHSP,SHLX,SHLO,SCCI,SCVL,SHOR,SFLY,SSTK,SIFI,SIEN,SWIR,SIF,SIGM,SGMA,SGNL,SBNYW,SLAB,SPIL,SRAQU,SSNI,SPG,SPG^J,SSD,SLP,SBGI,SINO,SHI,SVA,SIRO,SRVA,SITO,SKM,SKX,SKUL,SKYS,SKLNU,SPU,SKYW,SWKS,SLG^I
ISM,JSM,OSM,SMBK,SNN,SMSI,LNCE,SLRA,SLTD,SEDG,SZYM,SLH,SAH,SOFO,SONS,SPHS,SORL,SRNE,SOHOL,SOHOM,SFBC,SOR,SJI,SXE,SCE^B,SCE^C,SCE^D,SCE^E,SCE^F,SCE^G,SCE^H,SCE^J,SOJA,SFST,SMBC,SONA,SBSI,OKSB,SWNC,SSS,SPAN,SBSA,SGRP,SPKE,LOV,ONCE,SPAR,SPTN,SEP,SPB ,SPPI,TRK,SPI,SPR,SAVE,SRC,SPOK,SPWH,FUND,SFM,SPSC,FLOW,SQ,SSNC,STJ,STAF,STAG,STAG^A,STAG^B,SSI,SFG,SMP,SWH,SWJ,SWK,STLY,SPLS,SBLKL,SGU,SRT,HOT,STWD,SNC,STT^C,STT^D,STT^E,GASS,STLD,SMRT,SBOT,SCQ,STEM,STML,STXS,SRCL,SRCLP,SHOO,SYBT,SRI
SSYS,SGL,STRS,STRA,STRM,RGR,SPH,SCMP,SUMR,SMMF,INN,INN^A,INN^B,INN^C,SUM,SMLP,SNBC,SUI,SUI^A,SXCP,SXC,SNDE,SUNE,SNSS,SSY,STKL,SPWR,SBCP,SHO,SHO^D,STI,STI.WS.A,STI.WS.B,STI^A,STI^E,SMCI,SPCB,SDPI,SPN,SUP,SGC,SUPN,SPRT,STS,SGRY,SCAI,SRDX,TOR,SIVBO,SWZ,SYKE,SYNC,SNCR,SNDX,SGYP,SGYPU,SGYPW,SNPS,SNV^C,SYNT,SYMX,SYN,GJH,GJO,GJS,GJP,GJR,GJT,GJV,SYUT,SYPR,TROW,TTOO,DATA,TAHO,TLRD,TWN,TTWO,TAL,TEGP,TEP,TLMR,TNDM,TLF,SKT,TNGO,TEDU,NGLS^A,TRGP,TASR,TCO,TCO^J,TCO^K,TAYD,TCP,TCB.WS,TCB^B,TCB^C,TSI
TISI,TTGT,TE,TOO^A,TOO^B,THQ,THW,TDOC,TI.A,TNAV,TDA,TDE,TDI,TDJ,TDS,TTEC,TLGT,TDF,TEI,GIM,TPX,TENX,TGC,TVC,TVE,TER,TNH,GLBL,TERP,TRTLW,TRNO^A,TSRO,TSLA,TSRA,TTEK,TTI,TTPH,TCBI,TCBIL,TCBIP,TCBIW,TXRH,TGTX,TTF,AES^C,ANDE,TBBK,BONT,SCHW^B,SCHW^C,CHEF,SRV,DXYN,ENSG,FINL,FBMS,TFM,GLU^A,GRX^A,GRX^B,GDL^B,HABT,HCKT,HAIN,THG,THGA,CUBA,MIK,NAVG,STKS,BITE,RUBI,TRV,ULTI,TXMD,TBPH,THR,TST,TSLF,TCRD,TCRX,TCRZ,THO,THLD,TPI,TIER,TTS,TLYS,TSBK,TWI,TTNP,TJX,TMUS,TMUSP,TBRA,TKAI,TR,TISA,TRCH
NDP,TYG^B.CL,NTG,TTP,TPZ,TSS,TOT,TOWR,CLUB,TSQ,TSLX,TCON,TRNS,TCI,TRXC,TBIO,TTHI,TANN,TANO,TANP,TRR,THS,TRMR,TRVN,TREX,TY^,TPH,TCCA,TCCB,TNET,TRN,TRIP,TPVZ,TSC,TBK,TGI,TROV,TROVU,TROVW,TBI,TRUE,THST,TRUP,TNP^B,TNP^C,TNP^D,TSRI,TTMI,TUBE,TUMI,TKF,FOX,FOXA,TWIN,TWTR,TYL,TSN,TSNU,USCR,PRTS,USB^A,USB^H,USB^M,USB^N,USB^O,GROW,USPH,UREE,SLCA,UBIC,UBNT,UBS^D,UCP,UFPT,ULTA,UCTT,UTEK,UMH,UMH^A,UMH^B,UA,UFI,UNB,UNXL,UFAB,UBCP,UBOH,UBSI,UCBI,UAL,UDR,UBNK,UFCS,UNFI,UNTD,UPS,URI,USBI,UZA
UZC,USLM,UG,UNTY,UFPI,UHS,UUU,USAP,UACL,UPIP,UPLD,URRE,URBN,UBP^F,UBP^G,ECOL,USAC,USAT,USATP,USAK,USNA,BIF,USMD,UTMD,MTN,VALE.P,VRX,VHI,VR,VLY.WS,VLY^A,VMI,VALU,VNRAP,VNRCP,VNTV,VAR,VRNS,VDSI,VASC,VEC,APPY,VTRB,VTR,VRA,VCYT,VSTM,VER^F,PAY,VRSN,VRSK,VBTX,VZA,VRML,VSR,VSAR,VTNR,VRTB,VSAT,VII,CIZ,CID,CIL,CDL,CSB,VIDI,VKTX,VLGEA,VMEM,VIRT,VSCP,VRTS,VSH,VPG,VISN,VTAE,VTL,VSI,VSLR,VVUS,VMW,VCRA,VISI,VNO^G,VNO^I,VNO^J,VNO^K,VNO^L,VOYA,IDE,VYGR,VRNG,WTI,WRB^B,GWW,WDR,WGBS,WAGE,WBA
WMT,WRES,WAFD,WAFDW,WASH,WCN,WM,WSBF,WSO,WSO.B,WTS,WNFM,WSTG,WCIC,WEB,WBS^E,WEC,WMK,WCG,WEBK,WFC.WS,WFC^J,WFC^L,WFC^N,WFC^O,WFC^P,WFC^Q,WFC^R,WFC^T,WFC^V,WFC^W,WFE^A,HCN^I,HCN^J,WERN,WSBC,WAIR,WCC,WMAR,WST,WR,WBB,WSTL,EMD,GDF,HIO,MHY,MMU,MHF,MNP,WGP,WES,WNRL,WNR,WFD,WMLP,WEYS,WY^A,WHLR,WHLRP,WHLRW,WTM,WHF,WHFBL,WFM,WHLM,WVVI,WVVIP,WG,WLDN,WMB,WSM,WIBC,WIN,WGO,WTFCM,WTFCW,WTT,WETF,WLRHW,WBKC,WWW,WWD,WDAY,WKHS,WPT,WWE,WOR,WPG^H,WPG^I,WPX,WPXP,WMGIZ,WSFSL,WYNN,XELB,XNCR,XHR,XBKS
XRM,XGTI,XGTIW,XLNX,XOXO,XPO,XTNT,XCOM,MESG,YOD,YCB,YRCW,YUM,YUMA,YUMA^A,YUME,ZFGN,ZAIS,ZAYO,ZLTQ,ZEN,ZHNE,Z,ZG,ZBH,ZNWAA,ZB^A,ZB^F,ZB^G,ZB^H,ZBK,ZIONW,ZIONZ,ZOES,ZGNX,ZF,ZTR